INSERT INTO movie (ID,MOVIE_NAME,MOVIE_TITLE,DURATION) VALUES (1,'Movie1', 'Movie-title1',200);
INSERT INTO movie (ID,MOVIE_NAME,MOVIE_TITLE,DURATION) VALUES (2,'Movie2', 'Movie-title2',150);
INSERT INTO movie (ID,MOVIE_NAME,MOVIE_TITLE,DURATION) VALUES (3,'Movie3', 'Movie-title3',110);

INSERT INTO CINEMA (ID,CINEMA_NAME,CINEMA_CITY,TOTAL_SEATS) VALUES (11,'CINEMAX','AHMEDABAD',50);
INSERT INTO CINEMA (ID,CINEMA_NAME,CINEMA_CITY,TOTAL_SEATS) VALUES (12,'CINEMAX-BOMBAY','BOMBAY',100);

INSERT INTO MOVIE_SHOW (ID,MOVIE_ID,CINEMA_ID,SHOW_DATE_TIME) VALUES (111,2,12,{ts '2022-09-09 18:00:00.00'});
INSERT INTO MOVIE_SHOW (ID,MOVIE_ID,CINEMA_ID,SHOW_DATE_TIME) VALUES (112,3,12,{ts '2022-09-13 18:00:00.00'});
INSERT INTO MOVIE_SHOW (ID,MOVIE_ID,CINEMA_ID,SHOW_DATE_TIME) VALUES (113,1,12,{ts '2022-09-10 18:00:00.00'});
INSERT INTO MOVIE_SHOW (ID,MOVIE_ID,CINEMA_ID,SHOW_DATE_TIME) VALUES (114,3,11,{ts '2022-09-11 18:00:00.00'});

INSERT INTO MOVIE_SHOW (ID,MOVIE_ID,CINEMA_ID,SHOW_DATE_TIME) VALUES (115,2,12,{ts '2022-09-09 12:00:00.00'});
INSERT INTO MOVIE_SHOW (ID,MOVIE_ID,CINEMA_ID,SHOW_DATE_TIME) VALUES (116,3,12,{ts '2022-09-13 12:00:00.00'});
INSERT INTO MOVIE_SHOW (ID,MOVIE_ID,CINEMA_ID,SHOW_DATE_TIME) VALUES (117,1,12,{ts '2022-09-10 12:00:00.00'});
INSERT INTO MOVIE_SHOW (ID,MOVIE_ID,CINEMA_ID,SHOW_DATE_TIME) VALUES (118,3,11,{ts '2022-09-11 12:00:00.00'});

INSERT INTO MOVIE_SHOW (ID,MOVIE_ID,CINEMA_ID,SHOW_DATE_TIME) VALUES (119,2,12,{ts '2022-09-09 15:30:00.00'});
INSERT INTO MOVIE_SHOW (ID,MOVIE_ID,CINEMA_ID,SHOW_DATE_TIME) VALUES (120,3,12,{ts '2022-09-13 15:30:00.00'});
INSERT INTO MOVIE_SHOW (ID,MOVIE_ID,CINEMA_ID,SHOW_DATE_TIME) VALUES (121,1,12,{ts '2022-09-10 15:30:00.00'});
INSERT INTO MOVIE_SHOW (ID,MOVIE_ID,CINEMA_ID,SHOW_DATE_TIME) VALUES (122,3,11,{ts '2022-09-11 15:30:00.00'});


